Nombre completo;Correo electronico;Celular;Referenciador
Ivan Tancara;ivn@yopmail.com;79621835;79621835
Valeria Mendez;vale@yopmail.com;79621836;79621835
Eliana Paco;eli@yopmail.com;79621837;79621835
Ivan Tancara;ivn@yopmail.com;79621838;79621835
Valeria Mendez;vale@yopmail.com;79621839;79621835
Eliana Paco;eli@yopmail.com;79621840;79621835
Ivan Tancara;ivn@yopmail.com;79621841;79621835
Ivan Tancara;ivn@yopmail.com;79621842;79621835
Valeria Mendez;vale@yopmail.com;79621843;79621835
Eliana Paco;eli@yopmail.com;79621844;79621835
Ivan Tancara;ivn@yopmail.com;79621845;79621835
Valeria Mendez;vale@yopmail.com;79621846;79621835
Eliana Paco;eli@yopmail.com;79621847;79621835
Ivan Tancara;ivn@yopmail.com;79621848;79621835
Ivan Tancara;ivn@yopmail.com;79621849;79621835
Valeria Mendez;vale@yopmail.com;79621850;79621835
Eliana Paco;eli@yopmail.com;79621851;79621835
Ivan Tancara;ivn@yopmail.com;79621852;79621835
Valeria Mendez;vale@yopmail.com;79621853;79621835
Eliana Paco;eli@yopmail.com;79621854;79621835
Ivan Tancara;ivn@yopmail.com;79621855;79621835
Ivan Tancara;ivn@yopmail.com;79621856;79621835
Valeria Mendez;vale@yopmail.com;79621857;79621835
Eliana Paco;eli@yopmail.com;79621858;79621835
Ivan Tancara;ivn@yopmail.com;79621859;79621835
Valeria Mendez;vale@yopmail.com;79621860;79621835
Eliana Paco;eli@yopmail.com;79621861;79621835
Ivan Tancara;ivn@yopmail.com;79621862;79621835
Ivan Tancara;ivn@yopmail.com;79621863;79621835
Valeria Mendez;vale@yopmail.com;79621864;79621835
Eliana Paco;eli@yopmail.com;79621865;79621835
Ivan Tancara;ivn@yopmail.com;79621866;79621835
Valeria Mendez;vale@yopmail.com;79621867;79621835
Eliana Paco;eli@yopmail.com;79621868;79621835
Ivan Tancara;ivn@yopmail.com;79621869;79621835
Ivan Tancara;ivn@yopmail.com;79621870;79621835
Valeria Mendez;vale@yopmail.com;79621871;79621835
Eliana Paco;eli@yopmail.com;79621872;79621835
Ivan Tancara;ivn@yopmail.com;79621873;79621835
Valeria Mendez;vale@yopmail.com;79621874;79621835
Eliana Paco;eli@yopmail.com;79621875;79621835
Ivan Tancara;ivn@yopmail.com;79621876;79621835
Ivan Tancara;ivn@yopmail.com;79621877;79621835
Valeria Mendez;vale@yopmail.com;79621878;79621835
Eliana Paco;eli@yopmail.com;79621879;79621835
Ivan Tancara;ivn@yopmail.com;79621880;79621835
Valeria Mendez;vale@yopmail.com;79621881;79621835
Eliana Paco;eli@yopmail.com;79621882;79621835
Ivan Tancara;ivn@yopmail.com;79621883;79621835
Ivan Tancara;ivn@yopmail.com;79621884;79621835
Valeria Mendez;vale@yopmail.com;79621885;79621835
Eliana Paco;eli@yopmail.com;79621886;79621835
Ivan Tancara;ivn@yopmail.com;79621887;79621835
Valeria Mendez;vale@yopmail.com;79621888;79621835
Eliana Paco;eli@yopmail.com;79621889;79621835
Ivan Tancara;ivn@yopmail.com;79621890;79621835
Ivan Tancara;ivn@yopmail.com;79621891;79621835
Valeria Mendez;vale@yopmail.com;79621892;79621835
Eliana Paco;eli@yopmail.com;79621893;79621835
Ivan Tancara;ivn@yopmail.com;79621894;79621835
Valeria Mendez;vale@yopmail.com;79621895;79621835
Eliana Paco;eli@yopmail.com;79621896;79621835
Ivan Tancara;ivn@yopmail.com;79621897;79621835
Ivan Tancara;ivn@yopmail.com;79621898;79621835
Valeria Mendez;vale@yopmail.com;79621899;79621835
Eliana Paco;eli@yopmail.com;79621900;79621835
Ivan Tancara;ivn@yopmail.com;79621901;79621835
Valeria Mendez;vale@yopmail.com;79621902;79621835
Eliana Paco;eli@yopmail.com;79621903;79621835
Ivan Tancara;ivn@yopmail.com;79621904;79621835
Ivan Tancara;ivn@yopmail.com;79621905;79621835
Valeria Mendez;vale@yopmail.com;79621906;79621835
Eliana Paco;eli@yopmail.com;79621907;79621835
Ivan Tancara;ivn@yopmail.com;79621908;79621835
Valeria Mendez;vale@yopmail.com;79621909;79621835
Eliana Paco;eli@yopmail.com;79621910;79621835
Ivan Tancara;ivn@yopmail.com;79621911;79621835
Ivan Tancara;ivn@yopmail.com;79621912;79621835
Valeria Mendez;vale@yopmail.com;79621913;79621835
Eliana Paco;eli@yopmail.com;79621914;79621835
Ivan Tancara;ivn@yopmail.com;79621915;79621835
Valeria Mendez;vale@yopmail.com;79621916;79621835
Eliana Paco;eli@yopmail.com;79621917;79621835
Ivan Tancara;ivn@yopmail.com;79621918;79621835
Ivan Tancara;ivn@yopmail.com;79621919;79621835
Valeria Mendez;vale@yopmail.com;79621920;79621835
Eliana Paco;eli@yopmail.com;79621921;79621835
Ivan Tancara;ivn@yopmail.com;79621922;79621835
Valeria Mendez;vale@yopmail.com;79621923;79621835
Eliana Paco;eli@yopmail.com;79621924;79621835
Ivan Tancara;ivn@yopmail.com;79621925;79621835
Ivan Tancara;ivn@yopmail.com;79621926;79621835
Valeria Mendez;vale@yopmail.com;79621927;79621835
Eliana Paco;eli@yopmail.com;79621928;79621835
Ivan Tancara;ivn@yopmail.com;79621929;79621835
Valeria Mendez;vale@yopmail.com;79621930;79621835
Eliana Paco;eli@yopmail.com;79621931;79621835
Ivan Tancara;ivn@yopmail.com;79621932;79621835
Ivan Tancara;ivn@yopmail.com;79621933;79621835
Valeria Mendez;vale@yopmail.com;79621934;79621835
Eliana Paco;eli@yopmail.com;79621935;79621835
Ivan Tancara;ivn@yopmail.com;79621936;79621835
Valeria Mendez;vale@yopmail.com;79621937;79621835
Eliana Paco;eli@yopmail.com;79621938;79621835
Ivan Tancara;ivn@yopmail.com;79621939;79621835
Ivan Tancara;ivn@yopmail.com;79621940;79621835
Valeria Mendez;vale@yopmail.com;79621941;79621835
Eliana Paco;eli@yopmail.com;79621942;79621835
Ivan Tancara;ivn@yopmail.com;79621943;79621835
Valeria Mendez;vale@yopmail.com;79621944;79621835
Eliana Paco;eli@yopmail.com;79621945;79621835
Ivan Tancara;ivn@yopmail.com;79621946;79621835
Ivan Tancara;ivn@yopmail.com;79621947;79621835
Valeria Mendez;vale@yopmail.com;79621948;79621835
Eliana Paco;eli@yopmail.com;79621949;79621835
Ivan Tancara;ivn@yopmail.com;79621950;79621835
Valeria Mendez;vale@yopmail.com;79621951;79621835
Eliana Paco;eli@yopmail.com;79621952;79621835
Ivan Tancara;ivn@yopmail.com;79621953;79621835
Ivan Tancara;ivn@yopmail.com;79621954;79621835
Valeria Mendez;vale@yopmail.com;79621955;79621835
Eliana Paco;eli@yopmail.com;79621956;79621835
Ivan Tancara;ivn@yopmail.com;79621957;79621835
Valeria Mendez;vale@yopmail.com;79621958;79621835
Eliana Paco;eli@yopmail.com;79621959;79621835
Ivan Tancara;ivn@yopmail.com;79621960;79621835
Ivan Tancara;ivn@yopmail.com;79621961;79621835
Valeria Mendez;vale@yopmail.com;79621962;79621835
Eliana Paco;eli@yopmail.com;79621963;79621835
Ivan Tancara;ivn@yopmail.com;79621964;79621835
Valeria Mendez;vale@yopmail.com;79621965;79621835
Eliana Paco;eli@yopmail.com;79621966;79621835
Ivan Tancara;ivn@yopmail.com;79621967;79621835
Ivan Tancara;ivn@yopmail.com;79621968;79621835
Valeria Mendez;vale@yopmail.com;79621969;79621835
Eliana Paco;eli@yopmail.com;79621970;79621835
Ivan Tancara;ivn@yopmail.com;79621971;79621835
Valeria Mendez;vale@yopmail.com;79621972;79621835
Eliana Paco;eli@yopmail.com;79621973;79621835
Ivan Tancara;ivn@yopmail.com;79621974;79621835
Ivan Tancara;ivn@yopmail.com;79621975;79621835
Valeria Mendez;vale@yopmail.com;79621976;79621835
Eliana Paco;eli@yopmail.com;79621977;79621835
Ivan Tancara;ivn@yopmail.com;79621978;79621835
Valeria Mendez;vale@yopmail.com;79621979;79621835
Eliana Paco;eli@yopmail.com;79621980;79621835
Ivan Tancara;ivn@yopmail.com;79621981;79621835
Ivan Tancara;ivn@yopmail.com;79621982;79621835
Valeria Mendez;vale@yopmail.com;79621983;79621835
Eliana Paco;eli@yopmail.com;79621984;79621835
Ivan Tancara;ivn@yopmail.com;79621985;79621835
Valeria Mendez;vale@yopmail.com;79621986;79621835
Eliana Paco;eli@yopmail.com;79621987;79621835
Ivan Tancara;ivn@yopmail.com;79621988;79621835
Ivan Tancara;ivn@yopmail.com;79621989;79621835
Valeria Mendez;vale@yopmail.com;79621990;79621835
Eliana Paco;eli@yopmail.com;79621991;79621835
Ivan Tancara;ivn@yopmail.com;79621992;79621835
Valeria Mendez;vale@yopmail.com;79621993;79621835
Eliana Paco;eli@yopmail.com;79621994;79621835
Ivan Tancara;ivn@yopmail.com;79621995;79621835
Ivan Tancara;ivn@yopmail.com;79621996;79621835
Valeria Mendez;vale@yopmail.com;79621997;79621835
Eliana Paco;eli@yopmail.com;79621998;79621835
Ivan Tancara;ivn@yopmail.com;79621999;79621835
Valeria Mendez;vale@yopmail.com;79622000;79621835
Eliana Paco;eli@yopmail.com;79622001;79621835
Ivan Tancara;ivn@yopmail.com;79622002;79621835
Ivan Tancara;ivn@yopmail.com;79622003;79621835
Valeria Mendez;vale@yopmail.com;79622004;79621835
Eliana Paco;eli@yopmail.com;79622005;79621835
Ivan Tancara;ivn@yopmail.com;79622006;79621835
Valeria Mendez;vale@yopmail.com;79622007;79621835
Eliana Paco;eli@yopmail.com;79622008;79621835
Ivan Tancara;ivn@yopmail.com;79622009;79621835
Ivan Tancara;ivn@yopmail.com;79622010;79621835
Valeria Mendez;vale@yopmail.com;79622011;79621835
Eliana Paco;eli@yopmail.com;79622012;79621835
Ivan Tancara;ivn@yopmail.com;79622013;79621835
Valeria Mendez;vale@yopmail.com;79622014;79621835
Eliana Paco;eli@yopmail.com;79622015;79621835
Ivan Tancara;ivn@yopmail.com;79622016;79621835
Ivan Tancara;ivn@yopmail.com;79622017;79621835
Valeria Mendez;vale@yopmail.com;79622018;79621835
Eliana Paco;eli@yopmail.com;79622019;79621835
Ivan Tancara;ivn@yopmail.com;79622020;79621835
Valeria Mendez;vale@yopmail.com;79622021;79621835
Eliana Paco;eli@yopmail.com;79622022;79621835
Ivan Tancara;ivn@yopmail.com;79622023;79621835
Ivan Tancara;ivn@yopmail.com;79622024;79621835
Valeria Mendez;vale@yopmail.com;79622025;79621835
Eliana Paco;eli@yopmail.com;79622026;79621835
Ivan Tancara;ivn@yopmail.com;79622027;79621835
Valeria Mendez;vale@yopmail.com;79622028;79621835
Eliana Paco;eli@yopmail.com;79622029;79621835
Ivan Tancara;ivn@yopmail.com;79622030;79621835
Ivan Tancara;ivn@yopmail.com;79622031;79621835
Valeria Mendez;vale@yopmail.com;79622032;79621835
Eliana Paco;eli@yopmail.com;79622033;79621835
Ivan Tancara;ivn@yopmail.com;79622034;79621835
Valeria Mendez;vale@yopmail.com;79622035;79621835
Eliana Paco;eli@yopmail.com;79622036;79621835
Ivan Tancara;ivn@yopmail.com;79622037;79621835
Ivan Tancara;ivn@yopmail.com;79622038;79621835
Valeria Mendez;vale@yopmail.com;79622039;79621835
Eliana Paco;eli@yopmail.com;79622040;79621835
Ivan Tancara;ivn@yopmail.com;79622041;79621835
Valeria Mendez;vale@yopmail.com;79622042;79621835
Eliana Paco;eli@yopmail.com;79622043;79621835
Ivan Tancara;ivn@yopmail.com;79622044;79621835
Ivan Tancara;ivn@yopmail.com;79622045;79621835
Valeria Mendez;vale@yopmail.com;79622046;79621835
Eliana Paco;eli@yopmail.com;79622047;79621835
Ivan Tancara;ivn@yopmail.com;79622048;79621835
Valeria Mendez;vale@yopmail.com;79622049;79621835
Eliana Paco;eli@yopmail.com;79622050;79621835
Ivan Tancara;ivn@yopmail.com;79622051;79621835
Ivan Tancara;ivn@yopmail.com;79622052;79621835
Valeria Mendez;vale@yopmail.com;79622053;79621835
Eliana Paco;eli@yopmail.com;79622054;79621835
Ivan Tancara;ivn@yopmail.com;79622055;79621835
Valeria Mendez;vale@yopmail.com;79622056;79621835
Eliana Paco;eli@yopmail.com;79622057;79621835
Ivan Tancara;ivn@yopmail.com;79622058;79621835
Ivan Tancara;ivn@yopmail.com;79622059;79621835
Valeria Mendez;vale@yopmail.com;79622060;79621835
Eliana Paco;eli@yopmail.com;79622061;79621835
Ivan Tancara;ivn@yopmail.com;79622062;79621835
Valeria Mendez;vale@yopmail.com;79622063;79621835
Eliana Paco;eli@yopmail.com;79622064;79621835
Ivan Tancara;ivn@yopmail.com;79622065;79621835
Ivan Tancara;ivn@yopmail.com;79622066;79621835
Valeria Mendez;vale@yopmail.com;79622067;79621835
Eliana Paco;eli@yopmail.com;79622068;79621835
Ivan Tancara;ivn@yopmail.com;79622069;79621835
Valeria Mendez;vale@yopmail.com;79622070;79621835
Eliana Paco;eli@yopmail.com;79622071;79621835
Ivan Tancara;ivn@yopmail.com;79622072;79621835
Ivan Tancara;ivn@yopmail.com;79622073;79621835
Valeria Mendez;vale@yopmail.com;79622074;79621835
Eliana Paco;eli@yopmail.com;79622075;79621835
Ivan Tancara;ivn@yopmail.com;79622076;79621835
Valeria Mendez;vale@yopmail.com;79622077;79621835
Eliana Paco;eli@yopmail.com;79622078;79621835
Ivan Tancara;ivn@yopmail.com;79622079;79621835
Ivan Tancara;ivn@yopmail.com;79622080;79621835
Valeria Mendez;vale@yopmail.com;79622081;79621835
Eliana Paco;eli@yopmail.com;79622082;79621835
Ivan Tancara;ivn@yopmail.com;79622083;79621835
Valeria Mendez;vale@yopmail.com;79622084;79621835
Eliana Paco;eli@yopmail.com;79622085;79621835
Ivan Tancara;ivn@yopmail.com;79622086;79621835
Ivan Tancara;ivn@yopmail.com;79622087;79621835
Valeria Mendez;vale@yopmail.com;79622088;79621835
Eliana Paco;eli@yopmail.com;79622089;79621835
Ivan Tancara;ivn@yopmail.com;79622090;79621835
Valeria Mendez;vale@yopmail.com;79622091;79621835
Eliana Paco;eli@yopmail.com;79622092;79621835
Ivan Tancara;ivn@yopmail.com;79622093;79621835
Ivan Tancara;ivn@yopmail.com;79622094;79621835
Valeria Mendez;vale@yopmail.com;79622095;79621835
Eliana Paco;eli@yopmail.com;79622096;79621835
Ivan Tancara;ivn@yopmail.com;79622097;79621835
Valeria Mendez;vale@yopmail.com;79622098;79621835
Eliana Paco;eli@yopmail.com;79622099;79621835
Ivan Tancara;ivn@yopmail.com;79622100;79621835
Ivan Tancara;ivn@yopmail.com;79622101;79621835
Valeria Mendez;vale@yopmail.com;79622102;79621835
Eliana Paco;eli@yopmail.com;79622103;79621835
Ivan Tancara;ivn@yopmail.com;79622104;79621835
Valeria Mendez;vale@yopmail.com;79622105;79621835
Eliana Paco;eli@yopmail.com;79622106;79621835
Ivan Tancara;ivn@yopmail.com;79622107;79621835
Ivan Tancara;ivn@yopmail.com;79622108;79621835
Valeria Mendez;vale@yopmail.com;79622109;79621835
Eliana Paco;eli@yopmail.com;79622110;79621835
Ivan Tancara;ivn@yopmail.com;79622111;79621835
Valeria Mendez;vale@yopmail.com;79622112;79621835
Eliana Paco;eli@yopmail.com;79622113;79621835
Ivan Tancara;ivn@yopmail.com;79622114;79621835
Ivan Tancara;ivn@yopmail.com;79622115;79621835
Valeria Mendez;vale@yopmail.com;79622116;79621835
Eliana Paco;eli@yopmail.com;79622117;79621835
Ivan Tancara;ivn@yopmail.com;79622118;79621835
Valeria Mendez;vale@yopmail.com;79622119;79621835
Eliana Paco;eli@yopmail.com;79622120;79621835
Ivan Tancara;ivn@yopmail.com;79622121;79621835
Ivan Tancara;ivn@yopmail.com;79622122;79621835
Valeria Mendez;vale@yopmail.com;79622123;79621835
Eliana Paco;eli@yopmail.com;79622124;79621835
Ivan Tancara;ivn@yopmail.com;79622125;79621835
Valeria Mendez;vale@yopmail.com;79622126;79621835
Eliana Paco;eli@yopmail.com;79622127;79621835
Ivan Tancara;ivn@yopmail.com;79622128;79621835
Ivan Tancara;ivn@yopmail.com;79622129;79621835
Valeria Mendez;vale@yopmail.com;79622130;79621835
Eliana Paco;eli@yopmail.com;79622131;79621835
Ivan Tancara;ivn@yopmail.com;79622132;79621835
Valeria Mendez;vale@yopmail.com;79622133;79621835
Eliana Paco;eli@yopmail.com;79622134;79621835
Ivan Tancara;ivn@yopmail.com;79622135;79621835
Ivan Tancara;ivn@yopmail.com;79622136;79621835
Valeria Mendez;vale@yopmail.com;79622137;79621835
Eliana Paco;eli@yopmail.com;79622138;79621835
Ivan Tancara;ivn@yopmail.com;79622139;79621835
Valeria Mendez;vale@yopmail.com;79622140;79621835
Eliana Paco;eli@yopmail.com;79622141;79621835
Ivan Tancara;ivn@yopmail.com;79622142;79621835
Ivan Tancara;ivn@yopmail.com;79622143;79621835
Valeria Mendez;vale@yopmail.com;79622144;79621835
Eliana Paco;eli@yopmail.com;79622145;79621835
Ivan Tancara;ivn@yopmail.com;79622146;79621835
Valeria Mendez;vale@yopmail.com;79622147;79621835
Eliana Paco;eli@yopmail.com;79622148;79621835
Ivan Tancara;ivn@yopmail.com;79622149;79621835
Ivan Tancara;ivn@yopmail.com;79622150;79621835
Valeria Mendez;vale@yopmail.com;79622151;79621835
Eliana Paco;eli@yopmail.com;79622152;79621835
Ivan Tancara;ivn@yopmail.com;79622153;79621835
Valeria Mendez;vale@yopmail.com;79622154;79621835
Eliana Paco;eli@yopmail.com;79622155;79621835
Ivan Tancara;ivn@yopmail.com;79622156;79621835
Ivan Tancara;ivn@yopmail.com;79622157;79621835
Valeria Mendez;vale@yopmail.com;79622158;79621835
Eliana Paco;eli@yopmail.com;79622159;79621835
Ivan Tancara;ivn@yopmail.com;79622160;79621835
Valeria Mendez;vale@yopmail.com;79622161;79621835
Eliana Paco;eli@yopmail.com;79622162;79621835
Ivan Tancara;ivn@yopmail.com;79622163;79621835
Ivan Tancara;ivn@yopmail.com;79622164;79621835
Valeria Mendez;vale@yopmail.com;79622165;79621835
Eliana Paco;eli@yopmail.com;79622166;79621835
Ivan Tancara;ivn@yopmail.com;79622167;79621835
Valeria Mendez;vale@yopmail.com;79622168;79621835
Eliana Paco;eli@yopmail.com;79622169;79621835
Ivan Tancara;ivn@yopmail.com;79622170;79621835
Ivan Tancara;ivn@yopmail.com;79622171;79621835
Valeria Mendez;vale@yopmail.com;79622172;79621835
Eliana Paco;eli@yopmail.com;79622173;79621835
Ivan Tancara;ivn@yopmail.com;79622174;79621835
Valeria Mendez;vale@yopmail.com;79622175;79621835
Eliana Paco;eli@yopmail.com;79622176;79621835
Ivan Tancara;ivn@yopmail.com;79622177;79621835
Ivan Tancara;ivn@yopmail.com;79622178;79621835
Valeria Mendez;vale@yopmail.com;79622179;79621835
Eliana Paco;eli@yopmail.com;79622180;79621835
Ivan Tancara;ivn@yopmail.com;79622181;79621835
Valeria Mendez;vale@yopmail.com;79622182;79621835
Eliana Paco;eli@yopmail.com;79622183;79621835
Ivan Tancara;ivn@yopmail.com;79622184;79621835
Ivan Tancara;ivn@yopmail.com;79622185;79621835
Valeria Mendez;vale@yopmail.com;79622186;79621835
Eliana Paco;eli@yopmail.com;79622187;79621835
Ivan Tancara;ivn@yopmail.com;79622188;79621835
Valeria Mendez;vale@yopmail.com;79622189;79621835
Eliana Paco;eli@yopmail.com;79622190;79621835
Ivan Tancara;ivn@yopmail.com;79622191;79621835
Ivan Tancara;ivn@yopmail.com;79622192;79621835
Valeria Mendez;vale@yopmail.com;79622193;79621835
Eliana Paco;eli@yopmail.com;79622194;79621835
Ivan Tancara;ivn@yopmail.com;79622195;79621835
Valeria Mendez;vale@yopmail.com;79622196;79621835
Eliana Paco;eli@yopmail.com;79622197;79621835
Ivan Tancara;ivn@yopmail.com;79622198;79621835
Ivan Tancara;ivn@yopmail.com;79622199;79621835
Valeria Mendez;vale@yopmail.com;79622200;79621835
Eliana Paco;eli@yopmail.com;79622201;79621835
Ivan Tancara;ivn@yopmail.com;79622202;79621835
Valeria Mendez;vale@yopmail.com;79622203;79621835
Eliana Paco;eli@yopmail.com;79622204;79621835
Ivan Tancara;ivn@yopmail.com;79622205;79621835
Ivan Tancara;ivn@yopmail.com;79622206;79621835
Valeria Mendez;vale@yopmail.com;79622207;79621835
Eliana Paco;eli@yopmail.com;79622208;79621835
Ivan Tancara;ivn@yopmail.com;79622209;79621835
Valeria Mendez;vale@yopmail.com;79622210;79621835
Eliana Paco;eli@yopmail.com;79622211;79621835
Ivan Tancara;ivn@yopmail.com;79622212;79621835
Ivan Tancara;ivn@yopmail.com;79622213;79621835
Valeria Mendez;vale@yopmail.com;79622214;79621835
Eliana Paco;eli@yopmail.com;79622215;79621835
Ivan Tancara;ivn@yopmail.com;79622216;79621835
Valeria Mendez;vale@yopmail.com;79622217;79621835
Eliana Paco;eli@yopmail.com;79622218;79621835
Ivan Tancara;ivn@yopmail.com;79622219;79621835
Ivan Tancara;ivn@yopmail.com;79622220;79621835
Valeria Mendez;vale@yopmail.com;79622221;79621835
Eliana Paco;eli@yopmail.com;79622222;79621835
Ivan Tancara;ivn@yopmail.com;79622223;79621835
Valeria Mendez;vale@yopmail.com;79622224;79621835
Eliana Paco;eli@yopmail.com;79622225;79621835
Ivan Tancara;ivn@yopmail.com;79622226;79621835
Ivan Tancara;ivn@yopmail.com;79622227;79621835
Valeria Mendez;vale@yopmail.com;79622228;79621835
Eliana Paco;eli@yopmail.com;79622229;79621835
Ivan Tancara;ivn@yopmail.com;79622230;79621835
Valeria Mendez;vale@yopmail.com;79622231;79621835
Eliana Paco;eli@yopmail.com;79622232;79621835
Ivan Tancara;ivn@yopmail.com;79622233;79621835
Ivan Tancara;ivn@yopmail.com;79622234;79621835
Valeria Mendez;vale@yopmail.com;79622235;79621835
Eliana Paco;eli@yopmail.com;79622236;79621835
Ivan Tancara;ivn@yopmail.com;79622237;79621835
Valeria Mendez;vale@yopmail.com;79622238;79621835
Eliana Paco;eli@yopmail.com;79622239;79621835
Ivan Tancara;ivn@yopmail.com;79622240;79621835
Ivan Tancara;ivn@yopmail.com;79622241;79621835
Valeria Mendez;vale@yopmail.com;79622242;79621835
Eliana Paco;eli@yopmail.com;79622243;79621835
Ivan Tancara;ivn@yopmail.com;79622244;79621835
Valeria Mendez;vale@yopmail.com;79622245;79621835
Eliana Paco;eli@yopmail.com;79622246;79621835
Ivan Tancara;ivn@yopmail.com;79622247;79621835
Ivan Tancara;ivn@yopmail.com;79622248;79621835
Valeria Mendez;vale@yopmail.com;79622249;79621835
Eliana Paco;eli@yopmail.com;79622250;79621835
Ivan Tancara;ivn@yopmail.com;79622251;79621835
Valeria Mendez;vale@yopmail.com;79622252;79621835
Eliana Paco;eli@yopmail.com;79622253;79621835
Ivan Tancara;ivn@yopmail.com;79622254;79621835
Ivan Tancara;ivn@yopmail.com;79622255;79621835
Valeria Mendez;vale@yopmail.com;79622256;79621835
Eliana Paco;eli@yopmail.com;79622257;79621835
Ivan Tancara;ivn@yopmail.com;79622258;79621835
Valeria Mendez;vale@yopmail.com;79622259;79621835
Eliana Paco;eli@yopmail.com;79622260;79621835
Ivan Tancara;ivn@yopmail.com;79622261;79621835
Ivan Tancara;ivn@yopmail.com;79622262;79621835
Valeria Mendez;vale@yopmail.com;79622263;79621835
Eliana Paco;eli@yopmail.com;79622264;79621835
Ivan Tancara;ivn@yopmail.com;79622265;79621835
Valeria Mendez;vale@yopmail.com;79622266;79621835
Eliana Paco;eli@yopmail.com;79622267;79621835
Ivan Tancara;ivn@yopmail.com;79622268;79621835
Ivan Tancara;ivn@yopmail.com;79622269;79621835
Valeria Mendez;vale@yopmail.com;79622270;79621835
Eliana Paco;eli@yopmail.com;79622271;79621835
Ivan Tancara;ivn@yopmail.com;79622272;79621835
Valeria Mendez;vale@yopmail.com;79622273;79621835
Eliana Paco;eli@yopmail.com;79622274;79621835
Ivan Tancara;ivn@yopmail.com;79622275;79621835
Ivan Tancara;ivn@yopmail.com;79622276;79621835
Valeria Mendez;vale@yopmail.com;79622277;79621835
Eliana Paco;eli@yopmail.com;79622278;79621835
Ivan Tancara;ivn@yopmail.com;79622279;79621835
Valeria Mendez;vale@yopmail.com;79622280;79621835
Eliana Paco;eli@yopmail.com;79622281;79621835
Ivan Tancara;ivn@yopmail.com;79622282;79621835
Ivan Tancara;ivn@yopmail.com;79622283;79621835
Valeria Mendez;vale@yopmail.com;79622284;79621835
Eliana Paco;eli@yopmail.com;79622285;79621835
Ivan Tancara;ivn@yopmail.com;79622286;79621835
Valeria Mendez;vale@yopmail.com;79622287;79621835
Eliana Paco;eli@yopmail.com;79622288;79621835
Ivan Tancara;ivn@yopmail.com;79622289;79621835
Ivan Tancara;ivn@yopmail.com;79622290;79621835
Valeria Mendez;vale@yopmail.com;79622291;79621835
Eliana Paco;eli@yopmail.com;79622292;79621835
Ivan Tancara;ivn@yopmail.com;79622293;79621835
Valeria Mendez;vale@yopmail.com;79622294;79621835
Eliana Paco;eli@yopmail.com;79622295;79621835
Ivan Tancara;ivn@yopmail.com;79622296;79621835
Ivan Tancara;ivn@yopmail.com;79622297;79621835
Valeria Mendez;vale@yopmail.com;79622298;79621835
Eliana Paco;eli@yopmail.com;79622299;79621835
Ivan Tancara;ivn@yopmail.com;79622300;79621835
Valeria Mendez;vale@yopmail.com;79622301;79621835
Eliana Paco;eli@yopmail.com;79622302;79621835
Ivan Tancara;ivn@yopmail.com;79622303;79621835
Ivan Tancara;ivn@yopmail.com;79622304;79621835
Valeria Mendez;vale@yopmail.com;79622305;79621835
Eliana Paco;eli@yopmail.com;79622306;79621835
Ivan Tancara;ivn@yopmail.com;79622307;79621835
Valeria Mendez;vale@yopmail.com;79622308;79621835
Eliana Paco;eli@yopmail.com;79622309;79621835
Ivan Tancara;ivn@yopmail.com;79622310;79621835
Ivan Tancara;ivn@yopmail.com;79622311;79621835
Valeria Mendez;vale@yopmail.com;79622312;79621835
Eliana Paco;eli@yopmail.com;79622313;79621835
Ivan Tancara;ivn@yopmail.com;79622314;79621835
Valeria Mendez;vale@yopmail.com;79622315;79621835
Eliana Paco;eli@yopmail.com;79622316;79621835
Ivan Tancara;ivn@yopmail.com;79622317;79621835
Ivan Tancara;ivn@yopmail.com;79622318;79621835
Valeria Mendez;vale@yopmail.com;79622319;79621835
Eliana Paco;eli@yopmail.com;79622320;79621835
Ivan Tancara;ivn@yopmail.com;79622321;79621835
Valeria Mendez;vale@yopmail.com;79622322;79621835
Eliana Paco;eli@yopmail.com;79622323;79621835
Ivan Tancara;ivn@yopmail.com;79622324;79621835
Ivan Tancara;ivn@yopmail.com;79622325;79621835
Valeria Mendez;vale@yopmail.com;79622326;79621835
Eliana Paco;eli@yopmail.com;79622327;79621835
Ivan Tancara;ivn@yopmail.com;79622328;79621835
Valeria Mendez;vale@yopmail.com;79622329;79621835
Eliana Paco;eli@yopmail.com;79622330;79621835
Ivan Tancara;ivn@yopmail.com;79622331;79621835
Ivan Tancara;ivn@yopmail.com;79622332;79621835
Valeria Mendez;vale@yopmail.com;79622333;79621835
Eliana Paco;eli@yopmail.com;79622334;79621835
Ivan Tancara;ivn@yopmail.com;79622335;79621835
Valeria Mendez;vale@yopmail.com;79622336;79621835
Eliana Paco;eli@yopmail.com;79622337;79621835
Ivan Tancara;ivn@yopmail.com;79622338;79621835
Ivan Tancara;ivn@yopmail.com;79622339;79621835
Valeria Mendez;vale@yopmail.com;79622340;79621835
Eliana Paco;eli@yopmail.com;79622341;79621835
Ivan Tancara;ivn@yopmail.com;79622342;79621835
Valeria Mendez;vale@yopmail.com;79622343;79621835
Eliana Paco;eli@yopmail.com;79622344;79621835
Ivan Tancara;ivn@yopmail.com;79622345;79621835
Ivan Tancara;ivn@yopmail.com;79622346;79621835
Valeria Mendez;vale@yopmail.com;79622347;79621835
Eliana Paco;eli@yopmail.com;79622348;79621835
Ivan Tancara;ivn@yopmail.com;79622349;79621835
Valeria Mendez;vale@yopmail.com;79622350;79621835
Eliana Paco;eli@yopmail.com;79622351;79621835
Ivan Tancara;ivn@yopmail.com;79622352;79621835
Ivan Tancara;ivn@yopmail.com;79622353;79621835
Valeria Mendez;vale@yopmail.com;79622354;79621835
Eliana Paco;eli@yopmail.com;79622355;79621835
Ivan Tancara;ivn@yopmail.com;79622356;79621835
Valeria Mendez;vale@yopmail.com;79622357;79621835
Eliana Paco;eli@yopmail.com;79622358;79621835
Ivan Tancara;ivn@yopmail.com;79622359;79621835
Ivan Tancara;ivn@yopmail.com;79622360;79621835
Valeria Mendez;vale@yopmail.com;79622361;79621835
Eliana Paco;eli@yopmail.com;79622362;79621835
Ivan Tancara;ivn@yopmail.com;79622363;79621835
Valeria Mendez;vale@yopmail.com;79622364;79621835
Eliana Paco;eli@yopmail.com;79622365;79621835
Ivan Tancara;ivn@yopmail.com;79622366;79621835
Ivan Tancara;ivn@yopmail.com;79622367;79621835
Valeria Mendez;vale@yopmail.com;79622368;79621835
Eliana Paco;eli@yopmail.com;79622369;79621835
Ivan Tancara;ivn@yopmail.com;79622370;79621835
Valeria Mendez;vale@yopmail.com;79622371;79621835
Eliana Paco;eli@yopmail.com;79622372;79621835
Ivan Tancara;ivn@yopmail.com;79622373;79621835
Ivan Tancara;ivn@yopmail.com;79622374;79621835
Valeria Mendez;vale@yopmail.com;79622375;79621835
Eliana Paco;eli@yopmail.com;79622376;79621835
Ivan Tancara;ivn@yopmail.com;79622377;79621835
Valeria Mendez;vale@yopmail.com;79622378;79621835
Eliana Paco;eli@yopmail.com;79622379;79621835
Ivan Tancara;ivn@yopmail.com;79622380;79621835
Ivan Tancara;ivn@yopmail.com;79622381;79621835
Valeria Mendez;vale@yopmail.com;79622382;79621835
Eliana Paco;eli@yopmail.com;79622383;79621835
Ivan Tancara;ivn@yopmail.com;79622384;79621835
Valeria Mendez;vale@yopmail.com;79622385;79621835
Eliana Paco;eli@yopmail.com;79622386;79621835
Ivan Tancara;ivn@yopmail.com;79622387;79621835
Ivan Tancara;ivn@yopmail.com;79622388;79621835
Valeria Mendez;vale@yopmail.com;79622389;79621835
Eliana Paco;eli@yopmail.com;79622390;79621835
Ivan Tancara;ivn@yopmail.com;79622391;79621835
Valeria Mendez;vale@yopmail.com;79622392;79621835
Eliana Paco;eli@yopmail.com;79622393;79621835
Ivan Tancara;ivn@yopmail.com;79622394;79621835
Ivan Tancara;ivn@yopmail.com;79622395;79621835
Valeria Mendez;vale@yopmail.com;79622396;79621835
Eliana Paco;eli@yopmail.com;79622397;79621835
Ivan Tancara;ivn@yopmail.com;79622398;79621835
Valeria Mendez;vale@yopmail.com;79622399;79621835
Eliana Paco;eli@yopmail.com;79622400;79621835
Ivan Tancara;ivn@yopmail.com;79622401;79621835
Ivan Tancara;ivn@yopmail.com;79622402;79621835
Valeria Mendez;vale@yopmail.com;79622403;79621835
Eliana Paco;eli@yopmail.com;79622404;79621835
Ivan Tancara;ivn@yopmail.com;79622405;79621835
Valeria Mendez;vale@yopmail.com;79622406;79621835
Eliana Paco;eli@yopmail.com;79622407;79621835
Ivan Tancara;ivn@yopmail.com;79622408;79621835
Ivan Tancara;ivn@yopmail.com;79622409;79621835
Valeria Mendez;vale@yopmail.com;79622410;79621835
Eliana Paco;eli@yopmail.com;79622411;79621835
Ivan Tancara;ivn@yopmail.com;79622412;79621835
Valeria Mendez;vale@yopmail.com;79622413;79621835
Eliana Paco;eli@yopmail.com;79622414;79621835
Ivan Tancara;ivn@yopmail.com;79622415;79621835
Ivan Tancara;ivn@yopmail.com;79622416;79621835
Valeria Mendez;vale@yopmail.com;79622417;79621835
Eliana Paco;eli@yopmail.com;79622418;79621835
Ivan Tancara;ivn@yopmail.com;79622419;79621835
Valeria Mendez;vale@yopmail.com;79622420;79621835
Eliana Paco;eli@yopmail.com;79622421;79621835
Ivan Tancara;ivn@yopmail.com;79622422;79621835
Ivan Tancara;ivn@yopmail.com;79622423;79621835
Valeria Mendez;vale@yopmail.com;79622424;79621835
Eliana Paco;eli@yopmail.com;79622425;79621835
Ivan Tancara;ivn@yopmail.com;79622426;79621835
Valeria Mendez;vale@yopmail.com;79622427;79621835
Eliana Paco;eli@yopmail.com;79622428;79621835
Ivan Tancara;ivn@yopmail.com;79622429;79621835
Ivan Tancara;ivn@yopmail.com;79622430;79621835
Valeria Mendez;vale@yopmail.com;79622431;79621835
Eliana Paco;eli@yopmail.com;79622432;79621835
Ivan Tancara;ivn@yopmail.com;79622433;79621835
Valeria Mendez;vale@yopmail.com;79622434;79621835
Eliana Paco;eli@yopmail.com;79622435;79621835
Ivan Tancara;ivn@yopmail.com;79622436;79621835
Ivan Tancara;ivn@yopmail.com;79622437;79621835
Valeria Mendez;vale@yopmail.com;79622438;79621835
Eliana Paco;eli@yopmail.com;79622439;79621835
Ivan Tancara;ivn@yopmail.com;79622440;79621835
Valeria Mendez;vale@yopmail.com;79622441;79621835
Eliana Paco;eli@yopmail.com;79622442;79621835
Ivan Tancara;ivn@yopmail.com;79622443;79621835
Ivan Tancara;ivn@yopmail.com;79622444;79621835
Valeria Mendez;vale@yopmail.com;79622445;79621835
Eliana Paco;eli@yopmail.com;79622446;79621835
Ivan Tancara;ivn@yopmail.com;79622447;79621835
Valeria Mendez;vale@yopmail.com;79622448;79621835
Eliana Paco;eli@yopmail.com;79622449;79621835
Ivan Tancara;ivn@yopmail.com;79622450;79621835
Ivan Tancara;ivn@yopmail.com;79622451;79621835
Valeria Mendez;vale@yopmail.com;79622452;79621835
Eliana Paco;eli@yopmail.com;79622453;79621835
Ivan Tancara;ivn@yopmail.com;79622454;79621835
Valeria Mendez;vale@yopmail.com;79622455;79621835
Eliana Paco;eli@yopmail.com;79622456;79621835
Ivan Tancara;ivn@yopmail.com;79622457;79621835
Ivan Tancara;ivn@yopmail.com;79622458;79621835
Valeria Mendez;vale@yopmail.com;79622459;79621835
Eliana Paco;eli@yopmail.com;79622460;79621835
